[
  {
    "id": "entities",
    "sql": "SELECT\n  n.nspname as schema,\n  c.relname as name,\n  CASE\n    WHEN c.relkind = 'r'\n    OR c.relkind = 't'\n    OR c.relkind = 'p'\n    OR c.relkind = 'f' THEN 'table'\n    WHEN c.relkind = 'v' THEN 'view'\n    WHEN c.relkind = 'm' THEN 'mat_view'\n  END AS type,\n  definition\nFROM\n  pg_class c\n  JOIN pg_namespace n ON c.relnamespace = n.oid\n  LEFT JOIN pg_views v ON c.relname = v.viewname\nWHERE\n  n.nspname NOT LIKE 'pg\\_%'\n  AND n.nspname != 'information_schema'\nORDER BY\n  n.nspname,\n  c.relname;",
    "rows": [
      {
        "schema": "public",
        "name": "IDX_session_expire",
        "type": null,
        "definition": null
      },
      {
        "schema": "public",
        "name": "boat",
        "type": "table",
        "definition": null
      },
      {
        "schema": "public",
        "name": "boat_id_seq",
        "type": null,
        "definition": null
      },
      {
        "schema": "public",
        "name": "boat_owner",
        "type": "table",
        "definition": null
      },
      {
        "schema": "public",
        "name": "boat_owner_id_seq",
        "type": null,
        "definition": null
      },
      {
        "schema": "public",
        "name": "boat_owner_pkey",
        "type": null,
        "definition": null
      },
      {
        "schema": "public",
        "name": "boat_pkey",
        "type": null,
        "definition": null
      },
      {
        "schema": "public",
        "name": "employee_assignment",
        "type": "table",
        "definition": null
      },
      {
        "schema": "public",
        "name": "employee_assignment_id_seq",
        "type": null,
        "definition": null
      },
      {
        "schema": "public",
        "name": "employee_assignment_pkey",
        "type": null,
        "definition": null
      },
      {
        "schema": "public",
        "name": "marina",
        "type": "table",
        "definition": null
      },
      {
        "schema": "public",
        "name": "marina_id_seq",
        "type": null,
        "definition": null
      },
      {
        "schema": "public",
        "name": "marina_pkey",
        "type": null,
        "definition": null
      },
      {
        "schema": "public",
        "name": "pump_out_log",
        "type": "table",
        "definition": null
      },
      {
        "schema": "public",
        "name": "pump_out_log_id_seq",
        "type": null,
        "definition": null
      },
      {
        "schema": "public",
        "name": "pump_out_log_pkey",
        "type": null,
        "definition": null
      },
      {
        "schema": "public",
        "name": "pump_out_request",
        "type": "table",
        "definition": null
      },
      {
        "schema": "public",
        "name": "pump_out_request_id_seq",
        "type": null,
        "definition": null
      },
      {
        "schema": "public",
        "name": "pump_out_request_pkey",
        "type": null,
        "definition": null
      },
      {
        "schema": "public",
        "name": "service_level",
        "type": "table",
        "definition": null
      },
      {
        "schema": "public",
        "name": "service_level_id_seq",
        "type": null,
        "definition": null
      },
      {
        "schema": "public",
        "name": "service_level_pkey",
        "type": null,
        "definition": null
      },
      {
        "schema": "public",
        "name": "sessions",
        "type": "table",
        "definition": null
      },
      {
        "schema": "public",
        "name": "sessions_pkey",
        "type": null,
        "definition": null
      },
      {
        "schema": "public",
        "name": "slip_assignment",
        "type": "table",
        "definition": null
      },
      {
        "schema": "public",
        "name": "slip_assignment_id_seq",
        "type": null,
        "definition": null
      },
      {
        "schema": "public",
        "name": "slip_assignment_pkey",
        "type": null,
        "definition": null
      },
      {
        "schema": "public",
        "name": "users",
        "type": "table",
        "definition": null
      },
      {
        "schema": "public",
        "name": "users_email_key",
        "type": null,
        "definition": null
      },
      {
        "schema": "public",
        "name": "users_id_seq",
        "type": null,
        "definition": null
      },
      {
        "schema": "public",
        "name": "users_pkey",
        "type": null,
        "definition": null
      }
    ]
  },
  {
    "id": "columns",
    "sql": "SELECT\n  n.nspname AS table_schema,\n  c.relname AS table_name,\n  a.attname AS column_name,\n  pg_catalog.pg_get_expr (ad.adbin, ad.adrelid) AS column_default,\n  CASE a.attnotnull\n    WHEN TRUE THEN 'NO'\n    ELSE 'YES'\n  END AS is_nullable,\n  CASE\n    WHEN pg_catalog.pg_get_expr (ad.adbin, ad.adrelid) LIKE 'nextval(%'\n    AND format_type(a.atttypid, a.atttypmod) = 'integer' THEN 'serial'\n    WHEN pg_catalog.pg_get_expr (ad.adbin, ad.adrelid) LIKE 'nextval(%'\n    AND format_type(a.atttypid, a.atttypmod) = 'bigint' THEN 'bigserial'\n    WHEN pg_catalog.pg_get_expr (ad.adbin, ad.adrelid) LIKE 'nextval(%'\n    AND format_type(a.atttypid, a.atttypmod) = 'smallint' THEN 'smallserial'\n    ELSE format_type(a.atttypid, a.atttypmod)\n  END AS data_type,\n  CASE\n    WHEN t.typcategory = 'A' THEN 'ARRAY'\n    WHEN t.typcategory = 'E' THEN 'ENUM'\n    WHEN t.typtype = 'b' THEN a.atttypid::regtype::text\n    ELSE 'USER-DEFINED'\n  END AS additional_dt,\n  typ_namespace.nspname AS type_schema,\n  t.typname AS type_name,\n  a.attndims AS array_dimensions,\n  a.attnum,\n  a.attidentity AS identity_type,\n  a.attgenerated as generated_type,\n  seq_class.relname AS identity_name,\n  seq.seqincrement AS identity_increment,\n  seq.seqmax AS identity_max,\n  seq.seqmin AS identity_min,\n  seq.seqstart AS identity_start,\n  seq.seqcache AS identity_cache,\n  seq.seqcycle AS identity_cycle\nFROM\n  pg_catalog.pg_attribute a\n  JOIN pg_catalog.pg_class c ON a.attrelid = c.oid\n  JOIN pg_catalog.pg_namespace n ON c.relnamespace = n.oid\n  LEFT JOIN pg_catalog.pg_depend dep ON dep.refobjid = c.oid\n  AND dep.refobjsubid = a.attnum\n  LEFT JOIN pg_catalog.pg_class seq_class ON seq_class.oid = dep.objid\n  LEFT JOIN pg_catalog.pg_sequence seq ON seq_class.oid = seq.seqrelid\n  LEFT JOIN pg_catalog.pg_attrdef ad ON a.attrelid = ad.adrelid\n  AND a.attnum = ad.adnum\n  JOIN pg_catalog.pg_type t ON a.atttypid = t.oid\n  LEFT JOIN pg_catalog.pg_namespace typ_namespace ON t.typnamespace = typ_namespace.oid\nWHERE\n  c.relkind IN ('r', 't', 'p', 'f', 'v', 'm')\n  AND a.attnum > 0\n  AND NOT a.attisdropped\n  AND n.nspname NOT LIKE 'pg\\_%'\n  AND n.nspname != 'information_schema'\nORDER BY\n  attnum;",
    "rows": [
      {
        "table_schema": "public",
        "table_name": "slip_assignment",
        "column_name": "id",
        "column_default": "nextval('slip_assignment_id_seq'::regclass)",
        "is_nullable": "NO",
        "data_type": "serial",
        "additional_dt": "integer",
        "type_schema": "pg_catalog",
        "type_name": "int4",
        "array_dimensions": 0,
        "attnum": 1,
        "identity_type": "",
        "generated_type": "",
        "identity_name": null,
        "identity_increment": null,
        "identity_max": null,
        "identity_min": null,
        "identity_start": null,
        "identity_cache": null,
        "identity_cycle": null
      },
      {
        "table_schema": "public",
        "table_name": "slip_assignment",
        "column_name": "id",
        "column_default": "nextval('slip_assignment_id_seq'::regclass)",
        "is_nullable": "NO",
        "data_type": "serial",
        "additional_dt": "integer",
        "type_schema": "pg_catalog",
        "type_name": "int4",
        "array_dimensions": 0,
        "attnum": 1,
        "identity_type": "",
        "generated_type": "",
        "identity_name": null,
        "identity_increment": null,
        "identity_max": null,
        "identity_min": null,
        "identity_start": null,
        "identity_cache": null,
        "identity_cycle": null
      },
      {
        "table_schema": "public",
        "table_name": "users",
        "column_name": "id",
        "column_default": "nextval('users_id_seq'::regclass)",
        "is_nullable": "NO",
        "data_type": "serial",
        "additional_dt": "integer",
        "type_schema": "pg_catalog",
        "type_name": "int4",
        "array_dimensions": 0,
        "attnum": 1,
        "identity_type": "",
        "generated_type": "",
        "identity_name": null,
        "identity_increment": null,
        "identity_max": null,
        "identity_min": null,
        "identity_start": null,
        "identity_cache": null,
        "identity_cycle": null
      },
      {
        "table_schema": "public",
        "table_name": "marina",
        "column_name": "id",
        "column_default": "nextval('marina_id_seq'::regclass)",
        "is_nullable": "NO",
        "data_type": "serial",
        "additional_dt": "integer",
        "type_schema": "pg_catalog",
        "type_name": "int4",
        "array_dimensions": 0,
        "attnum": 1,
        "identity_type": "",
        "generated_type": "",
        "identity_name": null,
        "identity_increment": null,
        "identity_max": null,
        "identity_min": null,
        "identity_start": null,
        "identity_cache": null,
        "identity_cycle": null
      },
      {
        "table_schema": "public",
        "table_name": "marina",
        "column_name": "id",
        "column_default": "nextval('marina_id_seq'::regclass)",
        "is_nullable": "NO",
        "data_type": "serial",
        "additional_dt": "integer",
        "type_schema": "pg_catalog",
        "type_name": "int4",
        "array_dimensions": 0,
        "attnum": 1,
        "identity_type": "",
        "generated_type": "",
        "identity_name": "marina_id_seq",
        "identity_increment": "1",
        "identity_max": "2147483647",
        "identity_min": "1",
        "identity_start": "1",
        "identity_cache": "1",
        "identity_cycle": false
      },
      {
        "table_schema": "public",
        "table_name": "service_level",
        "column_name": "id",
        "column_default": "nextval('service_level_id_seq'::regclass)",
        "is_nullable": "NO",
        "data_type": "serial",
        "additional_dt": "integer",
        "type_schema": "pg_catalog",
        "type_name": "int4",
        "array_dimensions": 0,
        "attnum": 1,
        "identity_type": "",
        "generated_type": "",
        "identity_name": null,
        "identity_increment": null,
        "identity_max": null,
        "identity_min": null,
        "identity_start": null,
        "identity_cache": null,
        "identity_cycle": null
      },
      {
        "table_schema": "public",
        "table_name": "employee_assignment",
        "column_name": "id",
        "column_default": "nextval('employee_assignment_id_seq'::regclass)",
        "is_nullable": "NO",
        "data_type": "serial",
        "additional_dt": "integer",
        "type_schema": "pg_catalog",
        "type_name": "int4",
        "array_dimensions": 0,
        "attnum": 1,
        "identity_type": "",
        "generated_type": "",
        "identity_name": null,
        "identity_increment": null,
        "identity_max": null,
        "identity_min": null,
        "identity_start": null,
        "identity_cache": null,
        "identity_cycle": null
      },
      {
        "table_schema": "public",
        "table_name": "employee_assignment",
        "column_name": "id",
        "column_default": "nextval('employee_assignment_id_seq'::regclass)",
        "is_nullable": "NO",
        "data_type": "serial",
        "additional_dt": "integer",
        "type_schema": "pg_catalog",
        "type_name": "int4",
        "array_dimensions": 0,
        "attnum": 1,
        "identity_type": "",
        "generated_type": "",
        "identity_name": null,
        "identity_increment": null,
        "identity_max": null,
        "identity_min": null,
        "identity_start": null,
        "identity_cache": null,
        "identity_cycle": null
      },
      {
        "table_schema": "public",
        "table_name": "slip_assignment",
        "column_name": "id",
        "column_default": "nextval('slip_assignment_id_seq'::regclass)",
        "is_nullable": "NO",
        "data_type": "serial",
        "additional_dt": "integer",
        "type_schema": "pg_catalog",
        "type_name": "int4",
        "array_dimensions": 0,
        "attnum": 1,
        "identity_type": "",
        "generated_type": "",
        "identity_name": "slip_assignment_id_seq",
        "identity_increment": "1",
        "identity_max": "2147483647",
        "identity_min": "1",
        "identity_start": "1",
        "identity_cache": "1",
        "identity_cycle": false
      },
      {
        "table_schema": "public",
        "table_name": "service_level",
        "column_name": "id",
        "column_default": "nextval('service_level_id_seq'::regclass)",
        "is_nullable": "NO",
        "data_type": "serial",
        "additional_dt": "integer",
        "type_schema": "pg_catalog",
        "type_name": "int4",
        "array_dimensions": 0,
        "attnum": 1,
        "identity_type": "",
        "generated_type": "",
        "identity_name": null,
        "identity_increment": null,
        "identity_max": null,
        "identity_min": null,
        "identity_start": null,
        "identity_cache": null,
        "identity_cycle": null
      },
      {
        "table_schema": "public",
        "table_name": "service_level",
        "column_name": "id",
        "column_default": "nextval('service_level_id_seq'::regclass)",
        "is_nullable": "NO",
        "data_type": "serial",
        "additional_dt": "integer",
        "type_schema": "pg_catalog",
        "type_name": "int4",
        "array_dimensions": 0,
        "attnum": 1,
        "identity_type": "",
        "generated_type": "",
        "identity_name": "service_level_id_seq",
        "identity_increment": "1",
        "identity_max": "2147483647",
        "identity_min": "1",
        "identity_start": "1",
        "identity_cache": "1",
        "identity_cycle": false
      },
      {
        "table_schema": "public",
        "table_name": "marina",
        "column_name": "id",
        "column_default": "nextval('marina_id_seq'::regclass)",
        "is_nullable": "NO",
        "data_type": "serial",
        "additional_dt": "integer",
        "type_schema": "pg_catalog",
        "type_name": "int4",
        "array_dimensions": 0,
        "attnum": 1,
        "identity_type": "",
        "generated_type": "",
        "identity_name": null,
        "identity_increment": null,
        "identity_max": null,
        "identity_min": null,
        "identity_start": null,
        "identity_cache": null,
        "identity_cycle": null
      },
      {
        "table_schema": "public",
        "table_name": "boat",
        "column_name": "id",
        "column_default": "nextval('boat_id_seq'::regclass)",
        "is_nullable": "NO",
        "data_type": "serial",
        "additional_dt": "integer",
        "type_schema": "pg_catalog",
        "type_name": "int4",
        "array_dimensions": 0,
        "attnum": 1,
        "identity_type": "",
        "generated_type": "",
        "identity_name": null,
        "identity_increment": null,
        "identity_max": null,
        "identity_min": null,
        "identity_start": null,
        "identity_cache": null,
        "identity_cycle": null
      },
      {
        "table_schema": "public",
        "table_name": "pump_out_log",
        "column_name": "id",
        "column_default": "nextval('pump_out_log_id_seq'::regclass)",
        "is_nullable": "NO",
        "data_type": "serial",
        "additional_dt": "integer",
        "type_schema": "pg_catalog",
        "type_name": "int4",
        "array_dimensions": 0,
        "attnum": 1,
        "identity_type": "",
        "generated_type": "",
        "identity_name": "pump_out_log_id_seq",
        "identity_increment": "1",
        "identity_max": "2147483647",
        "identity_min": "1",
        "identity_start": "1",
        "identity_cache": "1",
        "identity_cycle": false
      },
      {
        "table_schema": "public",
        "table_name": "boat_owner",
        "column_name": "id",
        "column_default": "nextval('boat_owner_id_seq'::regclass)",
        "is_nullable": "NO",
        "data_type": "serial",
        "additional_dt": "integer",
        "type_schema": "pg_catalog",
        "type_name": "int4",
        "array_dimensions": 0,
        "attnum": 1,
        "identity_type": "",
        "generated_type": "",
        "identity_name": null,
        "identity_increment": null,
        "identity_max": null,
        "identity_min": null,
        "identity_start": null,
        "identity_cache": null,
        "identity_cycle": null
      },
      {
        "table_schema": "public",
        "table_name": "sessions",
        "column_name": "sid",
        "column_default": null,
        "is_nullable": "NO",
        "data_type": "character varying(255)",
        "additional_dt": "character varying",
        "type_schema": "pg_catalog",
        "type_name": "varchar",
        "array_dimensions": 0,
        "attnum": 1,
        "identity_type": "",
        "generated_type": "",
        "identity_name": null,
        "identity_increment": null,
        "identity_max": null,
        "identity_min": null,
        "identity_start": null,
        "identity_cache": null,
        "identity_cycle": null
      },
      {
        "table_schema": "public",
        "table_name": "users",
        "column_name": "id",
        "column_default": "nextval('users_id_seq'::regclass)",
        "is_nullable": "NO",
        "data_type": "serial",
        "additional_dt": "integer",
        "type_schema": "pg_catalog",
        "type_name": "int4",
        "array_dimensions": 0,
        "attnum": 1,
        "identity_type": "",
        "generated_type": "",
        "identity_name": null,
        "identity_increment": null,
        "identity_max": null,
        "identity_min": null,
        "identity_start": null,
        "identity_cache": null,
        "identity_cycle": null
      },
      {
        "table_schema": "public",
        "table_name": "users",
        "column_name": "id",
        "column_default": "nextval('users_id_seq'::regclass)",
        "is_nullable": "NO",
        "data_type": "serial",
        "additional_dt": "integer",
        "type_schema": "pg_catalog",
        "type_name": "int4",
        "array_dimensions": 0,
        "attnum": 1,
        "identity_type": "",
        "generated_type": "",
        "identity_name": null,
        "identity_increment": null,
        "identity_max": null,
        "identity_min": null,
        "identity_start": null,
        "identity_cache": null,
        "identity_cycle": null
      },
      {
        "table_schema": "public",
        "table_name": "users",
        "column_name": "id",
        "column_default": "nextval('users_id_seq'::regclass)",
        "is_nullable": "NO",
        "data_type": "serial",
        "additional_dt": "integer",
        "type_schema": "pg_catalog",
        "type_name": "int4",
        "array_dimensions": 0,
        "attnum": 1,
        "identity_type": "",
        "generated_type": "",
        "identity_name": "users_id_seq",
        "identity_increment": "1",
        "identity_max": "2147483647",
        "identity_min": "1",
        "identity_start": "1",
        "identity_cache": "1",
        "identity_cycle": false
      },
      {
        "table_schema": "public",
        "table_name": "pump_out_request",
        "column_name": "id",
        "column_default": "nextval('pump_out_request_id_seq'::regclass)",
        "is_nullable": "NO",
        "data_type": "serial",
        "additional_dt": "integer",
        "type_schema": "pg_catalog",
        "type_name": "int4",
        "array_dimensions": 0,
        "attnum": 1,
        "identity_type": "",
        "generated_type": "",
        "identity_name": null,
        "identity_increment": null,
        "identity_max": null,
        "identity_min": null,
        "identity_start": null,
        "identity_cache": null,
        "identity_cycle": null
      },
      {
        "table_schema": "public",
        "table_name": "pump_out_log",
        "column_name": "id",
        "column_default": "nextval('pump_out_log_id_seq'::regclass)",
        "is_nullable": "NO",
        "data_type": "serial",
        "additional_dt": "integer",
        "type_schema": "pg_catalog",
        "type_name": "int4",
        "array_dimensions": 0,
        "attnum": 1,
        "identity_type": "",
        "generated_type": "",
        "identity_name": null,
        "identity_increment": null,
        "identity_max": null,
        "identity_min": null,
        "identity_start": null,
        "identity_cache": null,
        "identity_cycle": null
      },
      {
        "table_schema": "public",
        "table_name": "employee_assignment",
        "column_name": "id",
        "column_default": "nextval('employee_assignment_id_seq'::regclass)",
        "is_nullable": "NO",
        "data_type": "serial",
        "additional_dt": "integer",
        "type_schema": "pg_catalog",
        "type_name": "int4",
        "array_dimensions": 0,
        "attnum": 1,
        "identity_type": "",
        "generated_type": "",
        "identity_name": "employee_assignment_id_seq",
        "identity_increment": "1",
        "identity_max": "2147483647",
        "identity_min": "1",
        "identity_start": "1",
        "identity_cache": "1",
        "identity_cycle": false
      },
      {
        "table_schema": "public",
        "table_name": "pump_out_request",
        "column_name": "id",
        "column_default": "nextval('pump_out_request_id_seq'::regclass)",
        "is_nullable": "NO",
        "data_type": "serial",
        "additional_dt": "integer",
        "type_schema": "pg_catalog",
        "type_name": "int4",
        "array_dimensions": 0,
        "attnum": 1,
        "identity_type": "",
        "generated_type": "",
        "identity_name": null,
        "identity_increment": null,
        "identity_max": null,
        "identity_min": null,
        "identity_start": null,
        "identity_cache": null,
        "identity_cycle": null
      },
      {
        "table_schema": "public",
        "table_name": "pump_out_request",
        "column_name": "id",
        "column_default": "nextval('pump_out_request_id_seq'::regclass)",
        "is_nullable": "NO",
        "data_type": "serial",
        "additional_dt": "integer",
        "type_schema": "pg_catalog",
        "type_name": "int4",
        "array_dimensions": 0,
        "attnum": 1,
        "identity_type": "",
        "generated_type": "",
        "identity_name": "pump_out_request_id_seq",
        "identity_increment": "1",
        "identity_max": "2147483647",
        "identity_min": "1",
        "identity_start": "1",
        "identity_cache": "1",
        "identity_cycle": false
      },
      {
        "table_schema": "public",
        "table_name": "pump_out_log",
        "column_name": "id",
        "column_default": "nextval('pump_out_log_id_seq'::regclass)",
        "is_nullable": "NO",
        "data_type": "serial",
        "additional_dt": "integer",
        "type_schema": "pg_catalog",
        "type_name": "int4",
        "array_dimensions": 0,
        "attnum": 1,
        "identity_type": "",
        "generated_type": "",
        "identity_name": null,
        "identity_increment": null,
        "identity_max": null,
        "identity_min": null,
        "identity_start": null,
        "identity_cache": null,
        "identity_cycle": null
      },
      {
        "table_schema": "public",
        "table_name": "boat_owner",
        "column_name": "id",
        "column_default": "nextval('boat_owner_id_seq'::regclass)",
        "is_nullable": "NO",
        "data_type": "serial",
        "additional_dt": "integer",
        "type_schema": "pg_catalog",
        "type_name": "int4",
        "array_dimensions": 0,
        "attnum": 1,
        "identity_type": "",
        "generated_type": "",
        "identity_name": null,
        "identity_increment": null,
        "identity_max": null,
        "identity_min": null,
        "identity_start": null,
        "identity_cache": null,
        "identity_cycle": null
      },
      {
        "table_schema": "public",
        "table_name": "users",
        "column_name": "id",
        "column_default": "nextval('users_id_seq'::regclass)",
        "is_nullable": "NO",
        "data_type": "serial",
        "additional_dt": "integer",
        "type_schema": "pg_catalog",
        "type_name": "int4",
        "array_dimensions": 0,
        "attnum": 1,
        "identity_type": "",
        "generated_type": "",
        "identity_name": null,
        "identity_increment": null,
        "identity_max": null,
        "identity_min": null,
        "identity_start": null,
        "identity_cache": null,
        "identity_cycle": null
      },
      {
        "table_schema": "public",
        "table_name": "boat_owner",
        "column_name": "id",
        "column_default": "nextval('boat_owner_id_seq'::regclass)",
        "is_nullable": "NO",
        "data_type": "serial",
        "additional_dt": "integer",
        "type_schema": "pg_catalog",
        "type_name": "int4",
        "array_dimensions": 0,
        "attnum": 1,
        "identity_type": "",
        "generated_type": "",
        "identity_name": "boat_owner_id_seq",
        "identity_increment": "1",
        "identity_max": "2147483647",
        "identity_min": "1",
        "identity_start": "1",
        "identity_cache": "1",
        "identity_cycle": false
      },
      {
        "table_schema": "public",
        "table_name": "boat",
        "column_name": "id",
        "column_default": "nextval('boat_id_seq'::regclass)",
        "is_nullable": "NO",
        "data_type": "serial",
        "additional_dt": "integer",
        "type_schema": "pg_catalog",
        "type_name": "int4",
        "array_dimensions": 0,
        "attnum": 1,
        "identity_type": "",
        "generated_type": "",
        "identity_name": null,
        "identity_increment": null,
        "identity_max": null,
        "identity_min": null,
        "identity_start": null,
        "identity_cache": null,
        "identity_cycle": null
      },
      {
        "table_schema": "public",
        "table_name": "pump_out_request",
        "column_name": "id",
        "column_default": "nextval('pump_out_request_id_seq'::regclass)",
        "is_nullable": "NO",
        "data_type": "serial",
        "additional_dt": "integer",
        "type_schema": "pg_catalog",
        "type_name": "int4",
        "array_dimensions": 0,
        "attnum": 1,
        "identity_type": "",
        "generated_type": "",
        "identity_name": null,
        "identity_increment": null,
        "identity_max": null,
        "identity_min": null,
        "identity_start": null,
        "identity_cache": null,
        "identity_cycle": null
      },
      {
        "table_schema": "public",
        "table_name": "boat",
        "column_name": "id",
        "column_default": "nextval('boat_id_seq'::regclass)",
        "is_nullable": "NO",
        "data_type": "serial",
        "additional_dt": "integer",
        "type_schema": "pg_catalog",
        "type_name": "int4",
        "array_dimensions": 0,
        "attnum": 1,
        "identity_type": "",
        "generated_type": "",
        "identity_name": null,
        "identity_increment": null,
        "identity_max": null,
        "identity_min": null,
        "identity_start": null,
        "identity_cache": null,
        "identity_cycle": null
      },
      {
        "table_schema": "public",
        "table_name": "boat_owner",
        "column_name": "id",
        "column_default": "nextval('boat_owner_id_seq'::regclass)",
        "is_nullable": "NO",
        "data_type": "serial",
        "additional_dt": "integer",
        "type_schema": "pg_catalog",
        "type_name": "int4",
        "array_dimensions": 0,
        "attnum": 1,
        "identity_type": "",
        "generated_type": "",
        "identity_name": null,
        "identity_increment": null,
        "identity_max": null,
        "identity_min": null,
        "identity_start": null,
        "identity_cache": null,
        "identity_cycle": null
      },
      {
        "table_schema": "public",
        "table_name": "boat",
        "column_name": "id",
        "column_default": "nextval('boat_id_seq'::regclass)",
        "is_nullable": "NO",
        "data_type": "serial",
        "additional_dt": "integer",
        "type_schema": "pg_catalog",
        "type_name": "int4",
        "array_dimensions": 0,
        "attnum": 1,
        "identity_type": "",
        "generated_type": "",
        "identity_name": "boat_id_seq",
        "identity_increment": "1",
        "identity_max": "2147483647",
        "identity_min": "1",
        "identity_start": "1",
        "identity_cache": "1",
        "identity_cycle": false
      },
      {
        "table_schema": "public",
        "table_name": "marina",
        "column_name": "id",
        "column_default": "nextval('marina_id_seq'::regclass)",
        "is_nullable": "NO",
        "data_type": "serial",
        "additional_dt": "integer",
        "type_schema": "pg_catalog",
        "type_name": "int4",
        "array_dimensions": 0,
        "attnum": 1,
        "identity_type": "",
        "generated_type": "",
        "identity_name": null,
        "identity_increment": null,
        "identity_max": null,
        "identity_min": null,
        "identity_start": null,
        "identity_cache": null,
        "identity_cycle": null
      },
      {
        "table_schema": "public",
        "table_name": "slip_assignment",
        "column_name": "boat_id",
        "column_default": null,
        "is_nullable": "YES",
        "data_type": "integer",
        "additional_dt": "integer",
        "type_schema": "pg_catalog",
        "type_name": "int4",
        "array_dimensions": 0,
        "attnum": 2,
        "identity_type": "",
        "generated_type": "",
        "identity_name": null,
        "identity_increment": null,
        "identity_max": null,
        "identity_min": null,
        "identity_start": null,
        "identity_cache": null,
        "identity_cycle": null
      },
      {
        "table_schema": "public",
        "table_name": "users",
        "column_name": "email",
        "column_default": null,
        "is_nullable": "NO",
        "data_type": "character varying(255)",
        "additional_dt": "character varying",
        "type_schema": "pg_catalog",
        "type_name": "varchar",
        "array_dimensions": 0,
        "attnum": 2,
        "identity_type": "",
        "generated_type": "",
        "identity_name": null,
        "identity_increment": null,
        "identity_max": null,
        "identity_min": null,
        "identity_start": null,
        "identity_cache": null,
        "identity_cycle": null
      },
      {
        "table_schema": "public",
        "table_name": "employee_assignment",
        "column_name": "employee_id",
        "column_default": null,
        "is_nullable": "YES",
        "data_type": "integer",
        "additional_dt": "integer",
        "type_schema": "pg_catalog",
        "type_name": "int4",
        "array_dimensions": 0,
        "attnum": 2,
        "identity_type": "",
        "generated_type": "",
        "identity_name": null,
        "identity_increment": null,
        "identity_max": null,
        "identity_min": null,
        "identity_start": null,
        "identity_cache": null,
        "identity_cycle": null
      },
      {
        "table_schema": "public",
        "table_name": "boat",
        "column_name": "owner_id",
        "column_default": null,
        "is_nullable": "YES",
        "data_type": "integer",
        "additional_dt": "integer",
        "type_schema": "pg_catalog",
        "type_name": "int4",
        "array_dimensions": 0,
        "attnum": 2,
        "identity_type": "",
        "generated_type": "",
        "identity_name": null,
        "identity_increment": null,
        "identity_max": null,
        "identity_min": null,
        "identity_start": null,
        "identity_cache": null,
        "identity_cycle": null
      },
      {
        "table_schema": "public",
        "table_name": "marina",
        "column_name": "name",
        "column_default": null,
        "is_nullable": "NO",
        "data_type": "character varying(255)",
        "additional_dt": "character varying",
        "type_schema": "pg_catalog",
        "type_name": "varchar",
        "array_dimensions": 0,
        "attnum": 2,
        "identity_type": "",
        "generated_type": "",
        "identity_name": null,
        "identity_increment": null,
        "identity_max": null,
        "identity_min": null,
        "identity_start": null,
        "identity_cache": null,
        "identity_cycle": null
      },
      {
        "table_schema": "public",
        "table_name": "pump_out_request",
        "column_name": "boat_id",
        "column_default": null,
        "is_nullable": "YES",
        "data_type": "integer",
        "additional_dt": "integer",
        "type_schema": "pg_catalog",
        "type_name": "int4",
        "array_dimensions": 0,
        "attnum": 2,
        "identity_type": "",
        "generated_type": "",
        "identity_name": null,
        "identity_increment": null,
        "identity_max": null,
        "identity_min": null,
        "identity_start": null,
        "identity_cache": null,
        "identity_cycle": null
      },
      {
        "table_schema": "public",
        "table_name": "pump_out_log",
        "column_name": "request_id",
        "column_default": null,
        "is_nullable": "YES",
        "data_type": "integer",
        "additional_dt": "integer",
        "type_schema": "pg_catalog",
        "type_name": "int4",
        "array_dimensions": 0,
        "attnum": 2,
        "identity_type": "",
        "generated_type": "",
        "identity_name": null,
        "identity_increment": null,
        "identity_max": null,
        "identity_min": null,
        "identity_start": null,
        "identity_cache": null,
        "identity_cycle": null
      },
      {
        "table_schema": "public",
        "table_name": "sessions",
        "column_name": "sess",
        "column_default": null,
        "is_nullable": "NO",
        "data_type": "json",
        "additional_dt": "json",
        "type_schema": "pg_catalog",
        "type_name": "json",
        "array_dimensions": 0,
        "attnum": 2,
        "identity_type": "",
        "generated_type": "",
        "identity_name": null,
        "identity_increment": null,
        "identity_max": null,
        "identity_min": null,
        "identity_start": null,
        "identity_cache": null,
        "identity_cycle": null
      },
      {
        "table_schema": "public",
        "table_name": "service_level",
        "column_name": "name",
        "column_default": null,
        "is_nullable": "NO",
        "data_type": "character varying(255)",
        "additional_dt": "character varying",
        "type_schema": "pg_catalog",
        "type_name": "varchar",
        "array_dimensions": 0,
        "attnum": 2,
        "identity_type": "",
        "generated_type": "",
        "identity_name": null,
        "identity_increment": null,
        "identity_max": null,
        "identity_min": null,
        "identity_start": null,
        "identity_cache": null,
        "identity_cycle": null
      },
      {
        "table_schema": "public",
        "table_name": "boat_owner",
        "column_name": "user_id",
        "column_default": null,
        "is_nullable": "YES",
        "data_type": "integer",
        "additional_dt": "integer",
        "type_schema": "pg_catalog",
        "type_name": "int4",
        "array_dimensions": 0,
        "attnum": 2,
        "identity_type": "",
        "generated_type": "",
        "identity_name": null,
        "identity_increment": null,
        "identity_max": null,
        "identity_min": null,
        "identity_start": null,
        "identity_cache": null,
        "identity_cycle": null
      },
      {
        "table_schema": "public",
        "table_name": "pump_out_request",
        "column_name": "week_start_date",
        "column_default": null,
        "is_nullable": "YES",
        "data_type": "date",
        "additional_dt": "date",
        "type_schema": "pg_catalog",
        "type_name": "date",
        "array_dimensions": 0,
        "attnum": 3,
        "identity_type": "",
        "generated_type": "",
        "identity_name": null,
        "identity_increment": null,
        "identity_max": null,
        "identity_min": null,
        "identity_start": null,
        "identity_cache": null,
        "identity_cycle": null
      },
      {
        "table_schema": "public",
        "table_name": "pump_out_log",
        "column_name": "change_timestamp",
        "column_default": "CURRENT_TIMESTAMP",
        "is_nullable": "YES",
        "data_type": "timestamp without time zone",
        "additional_dt": "timestamp without time zone",
        "type_schema": "pg_catalog",
        "type_name": "timestamp",
        "array_dimensions": 0,
        "attnum": 3,
        "identity_type": "",
        "generated_type": "",
        "identity_name": null,
        "identity_increment": null,
        "identity_max": null,
        "identity_min": null,
        "identity_start": null,
        "identity_cache": null,
        "identity_cycle": null
      },
      {
        "table_schema": "public",
        "table_name": "sessions",
        "column_name": "expire",
        "column_default": null,
        "is_nullable": "NO",
        "data_type": "timestamp without time zone",
        "additional_dt": "timestamp without time zone",
        "type_schema": "pg_catalog",
        "type_name": "timestamp",
        "array_dimensions": 0,
        "attnum": 3,
        "identity_type": "",
        "generated_type": "",
        "identity_name": "IDX_session_expire",
        "identity_increment": null,
        "identity_max": null,
        "identity_min": null,
        "identity_start": null,
        "identity_cache": null,
        "identity_cycle": null
      },
      {
        "table_schema": "public",
        "table_name": "boat_owner",
        "column_name": "created_at",
        "column_default": "CURRENT_TIMESTAMP",
        "is_nullable": "YES",
        "data_type": "timestamp without time zone",
        "additional_dt": "timestamp without time zone",
        "type_schema": "pg_catalog",
        "type_name": "timestamp",
        "array_dimensions": 0,
        "attnum": 3,
        "identity_type": "",
        "generated_type": "",
        "identity_name": null,
        "identity_increment": null,
        "identity_max": null,
        "identity_min": null,
        "identity_start": null,
        "identity_cache": null,
        "identity_cycle": null
      },
      {
        "table_schema": "public",
        "table_name": "slip_assignment",
        "column_name": "marina_id",
        "column_default": null,
        "is_nullable": "YES",
        "data_type": "integer",
        "additional_dt": "integer",
        "type_schema": "pg_catalog",
        "type_name": "int4",
        "array_dimensions": 0,
        "attnum": 3,
        "identity_type": "",
        "generated_type": "",
        "identity_name": null,
        "identity_increment": null,
        "identity_max": null,
        "identity_min": null,
        "identity_start": null,
        "identity_cache": null,
        "identity_cycle": null
      },
      {
        "table_schema": "public",
        "table_name": "employee_assignment",
        "column_name": "request_id",
        "column_default": null,
        "is_nullable": "YES",
        "data_type": "integer",
        "additional_dt": "integer",
        "type_schema": "pg_catalog",
        "type_name": "int4",
        "array_dimensions": 0,
        "attnum": 3,
        "identity_type": "",
        "generated_type": "",
        "identity_name": null,
        "identity_increment": null,
        "identity_max": null,
        "identity_min": null,
        "identity_start": null,
        "identity_cache": null,
        "identity_cycle": null
      },
      {
        "table_schema": "public",
        "table_name": "users",
        "column_name": "first_name",
        "column_default": null,
        "is_nullable": "NO",
        "data_type": "character varying(255)",
        "additional_dt": "character varying",
        "type_schema": "pg_catalog",
        "type_name": "varchar",
        "array_dimensions": 0,
        "attnum": 3,
        "identity_type": "",
        "generated_type": "",
        "identity_name": null,
        "identity_increment": null,
        "identity_max": null,
        "identity_min": null,
        "identity_start": null,
        "identity_cache": null,
        "identity_cycle": null
      },
      {
        "table_schema": "public",
        "table_name": "service_level",
        "column_name": "price",
        "column_default": null,
        "is_nullable": "NO",
        "data_type": "integer",
        "additional_dt": "integer",
        "type_schema": "pg_catalog",
        "type_name": "int4",
        "array_dimensions": 0,
        "attnum": 3,
        "identity_type": "",
        "generated_type": "",
        "identity_name": null,
        "identity_increment": null,
        "identity_max": null,
        "identity_min": null,
        "identity_start": null,
        "identity_cache": null,
        "identity_cycle": null
      },
      {
        "table_schema": "public",
        "table_name": "marina",
        "column_name": "address",
        "column_default": null,
        "is_nullable": "YES",
        "data_type": "character varying(255)",
        "additional_dt": "character varying",
        "type_schema": "pg_catalog",
        "type_name": "varchar",
        "array_dimensions": 0,
        "attnum": 3,
        "identity_type": "",
        "generated_type": "",
        "identity_name": null,
        "identity_increment": null,
        "identity_max": null,
        "identity_min": null,
        "identity_start": null,
        "identity_cache": null,
        "identity_cycle": null
      },
      {
        "table_schema": "public",
        "table_name": "boat",
        "column_name": "name",
        "column_default": null,
        "is_nullable": "NO",
        "data_type": "character varying(255)",
        "additional_dt": "character varying",
        "type_schema": "pg_catalog",
        "type_name": "varchar",
        "array_dimensions": 0,
        "attnum": 3,
        "identity_type": "",
        "generated_type": "",
        "identity_name": null,
        "identity_increment": null,
        "identity_max": null,
        "identity_min": null,
        "identity_start": null,
        "identity_cache": null,
        "identity_cycle": null
      },
      {
        "table_schema": "public",
        "table_name": "boat",
        "column_name": "year",
        "column_default": null,
        "is_nullable": "YES",
        "data_type": "integer",
        "additional_dt": "integer",
        "type_schema": "pg_catalog",
        "type_name": "int4",
        "array_dimensions": 0,
        "attnum": 4,
        "identity_type": "",
        "generated_type": "",
        "identity_name": null,
        "identity_increment": null,
        "identity_max": null,
        "identity_min": null,
        "identity_start": null,
        "identity_cache": null,
        "identity_cycle": null
      },
      {
        "table_schema": "public",
        "table_name": "service_level",
        "column_name": "description",
        "column_default": null,
        "is_nullable": "YES",
        "data_type": "text",
        "additional_dt": "text",
        "type_schema": "pg_catalog",
        "type_name": "text",
        "array_dimensions": 0,
        "attnum": 4,
        "identity_type": "",
        "generated_type": "",
        "identity_name": null,
        "identity_increment": null,
        "identity_max": null,
        "identity_min": null,
        "identity_start": null,
        "identity_cache": null,
        "identity_cycle": null
      },
      {
        "table_schema": "public",
        "table_name": "marina",
        "column_name": "phone",
        "column_default": null,
        "is_nullable": "YES",
        "data_type": "character varying(20)",
        "additional_dt": "character varying",
        "type_schema": "pg_catalog",
        "type_name": "varchar",
        "array_dimensions": 0,
        "attnum": 4,
        "identity_type": "",
        "generated_type": "",
        "identity_name": null,
        "identity_increment": null,
        "identity_max": null,
        "identity_min": null,
        "identity_start": null,
        "identity_cache": null,
        "identity_cycle": null
      },
      {
        "table_schema": "public",
        "table_name": "pump_out_log",
        "column_name": "prev_status",
        "column_default": null,
        "is_nullable": "YES",
        "data_type": "character varying(20)",
        "additional_dt": "character varying",
        "type_schema": "pg_catalog",
        "type_name": "varchar",
        "array_dimensions": 0,
        "attnum": 4,
        "identity_type": "",
        "generated_type": "",
        "identity_name": null,
        "identity_increment": null,
        "identity_max": null,
        "identity_min": null,
        "identity_start": null,
        "identity_cache": null,
        "identity_cycle": null
      },
      {
        "table_schema": "public",
        "table_name": "slip_assignment",
        "column_name": "dock",
        "column_default": null,
        "is_nullable": "NO",
        "data_type": "text",
        "additional_dt": "text",
        "type_schema": "pg_catalog",
        "type_name": "text",
        "array_dimensions": 0,
        "attnum": 4,
        "identity_type": "",
        "generated_type": "",
        "identity_name": null,
        "identity_increment": null,
        "identity_max": null,
        "identity_min": null,
        "identity_start": null,
        "identity_cache": null,
        "identity_cycle": null
      },
      {
        "table_schema": "public",
        "table_name": "employee_assignment",
        "column_name": "assigned_at",
        "column_default": "CURRENT_TIMESTAMP",
        "is_nullable": "YES",
        "data_type": "timestamp without time zone",
        "additional_dt": "timestamp without time zone",
        "type_schema": "pg_catalog",
        "type_name": "timestamp",
        "array_dimensions": 0,
        "attnum": 4,
        "identity_type": "",
        "generated_type": "",
        "identity_name": null,
        "identity_increment": null,
        "identity_max": null,
        "identity_min": null,
        "identity_start": null,
        "identity_cache": null,
        "identity_cycle": null
      },
      {
        "table_schema": "public",
        "table_name": "pump_out_request",
        "column_name": "status",
        "column_default": "'Requested'::character varying",
        "is_nullable": "YES",
        "data_type": "character varying(20)",
        "additional_dt": "character varying",
        "type_schema": "pg_catalog",
        "type_name": "varchar",
        "array_dimensions": 0,
        "attnum": 4,
        "identity_type": "",
        "generated_type": "",
        "identity_name": null,
        "identity_increment": null,
        "identity_max": null,
        "identity_min": null,
        "identity_start": null,
        "identity_cache": null,
        "identity_cycle": null
      },
      {
        "table_schema": "public",
        "table_name": "users",
        "column_name": "last_name",
        "column_default": null,
        "is_nullable": "NO",
        "data_type": "character varying(255)",
        "additional_dt": "character varying",
        "type_schema": "pg_catalog",
        "type_name": "varchar",
        "array_dimensions": 0,
        "attnum": 4,
        "identity_type": "",
        "generated_type": "",
        "identity_name": null,
        "identity_increment": null,
        "identity_max": null,
        "identity_min": null,
        "identity_start": null,
        "identity_cache": null,
        "identity_cycle": null
      },
      {
        "table_schema": "public",
        "table_name": "pump_out_request",
        "column_name": "owner_notes",
        "column_default": null,
        "is_nullable": "YES",
        "data_type": "text",
        "additional_dt": "text",
        "type_schema": "pg_catalog",
        "type_name": "text",
        "array_dimensions": 0,
        "attnum": 5,
        "identity_type": "",
        "generated_type": "",
        "identity_name": null,
        "identity_increment": null,
        "identity_max": null,
        "identity_min": null,
        "identity_start": null,
        "identity_cache": null,
        "identity_cycle": null
      },
      {
        "table_schema": "public",
        "table_name": "slip_assignment",
        "column_name": "slip",
        "column_default": null,
        "is_nullable": "NO",
        "data_type": "integer",
        "additional_dt": "integer",
        "type_schema": "pg_catalog",
        "type_name": "int4",
        "array_dimensions": 0,
        "attnum": 5,
        "identity_type": "",
        "generated_type": "",
        "identity_name": null,
        "identity_increment": null,
        "identity_max": null,
        "identity_min": null,
        "identity_start": null,
        "identity_cache": null,
        "identity_cycle": null
      },
      {
        "table_schema": "public",
        "table_name": "service_level",
        "column_name": "head_count",
        "column_default": "1",
        "is_nullable": "YES",
        "data_type": "integer",
        "additional_dt": "integer",
        "type_schema": "pg_catalog",
        "type_name": "int4",
        "array_dimensions": 0,
        "attnum": 5,
        "identity_type": "",
        "generated_type": "",
        "identity_name": null,
        "identity_increment": null,
        "identity_max": null,
        "identity_min": null,
        "identity_start": null,
        "identity_cache": null,
        "identity_cycle": null
      },
      {
        "table_schema": "public",
        "table_name": "boat",
        "column_name": "make",
        "column_default": null,
        "is_nullable": "YES",
        "data_type": "character varying(255)",
        "additional_dt": "character varying",
        "type_schema": "pg_catalog",
        "type_name": "varchar",
        "array_dimensions": 0,
        "attnum": 5,
        "identity_type": "",
        "generated_type": "",
        "identity_name": null,
        "identity_increment": null,
        "identity_max": null,
        "identity_min": null,
        "identity_start": null,
        "identity_cache": null,
        "identity_cycle": null
      },
      {
        "table_schema": "public",
        "table_name": "users",
        "column_name": "phone",
        "column_default": null,
        "is_nullable": "YES",
        "data_type": "character varying(20)",
        "additional_dt": "character varying",
        "type_schema": "pg_catalog",
        "type_name": "varchar",
        "array_dimensions": 0,
        "attnum": 5,
        "identity_type": "",
        "generated_type": "",
        "identity_name": null,
        "identity_increment": null,
        "identity_max": null,
        "identity_min": null,
        "identity_start": null,
        "identity_cache": null,
        "identity_cycle": null
      },
      {
        "table_schema": "public",
        "table_name": "marina",
        "column_name": "is_active",
        "column_default": "true",
        "is_nullable": "YES",
        "data_type": "boolean",
        "additional_dt": "boolean",
        "type_schema": "pg_catalog",
        "type_name": "bool",
        "array_dimensions": 0,
        "attnum": 5,
        "identity_type": "",
        "generated_type": "",
        "identity_name": null,
        "identity_increment": null,
        "identity_max": null,
        "identity_min": null,
        "identity_start": null,
        "identity_cache": null,
        "identity_cycle": null
      },
      {
        "table_schema": "public",
        "table_name": "pump_out_log",
        "column_name": "new_status",
        "column_default": null,
        "is_nullable": "NO",
        "data_type": "character varying(20)",
        "additional_dt": "character varying",
        "type_schema": "pg_catalog",
        "type_name": "varchar",
        "array_dimensions": 0,
        "attnum": 5,
        "identity_type": "",
        "generated_type": "",
        "identity_name": null,
        "identity_increment": null,
        "identity_max": null,
        "identity_min": null,
        "identity_start": null,
        "identity_cache": null,
        "identity_cycle": null
      },
      {
        "table_schema": "public",
        "table_name": "users",
        "column_name": "password_hash",
        "column_default": null,
        "is_nullable": "YES",
        "data_type": "text",
        "additional_dt": "text",
        "type_schema": "pg_catalog",
        "type_name": "text",
        "array_dimensions": 0,
        "attnum": 6,
        "identity_type": "",
        "generated_type": "",
        "identity_name": null,
        "identity_increment": null,
        "identity_max": null,
        "identity_min": null,
        "identity_start": null,
        "identity_cache": null,
        "identity_cycle": null
      },
      {
        "table_schema": "public",
        "table_name": "pump_out_log",
        "column_name": "before_url",
        "column_default": null,
        "is_nullable": "YES",
        "data_type": "character varying(255)",
        "additional_dt": "character varying",
        "type_schema": "pg_catalog",
        "type_name": "varchar",
        "array_dimensions": 0,
        "attnum": 6,
        "identity_type": "",
        "generated_type": "",
        "identity_name": null,
        "identity_increment": null,
        "identity_max": null,
        "identity_min": null,
        "identity_start": null,
        "identity_cache": null,
        "identity_cycle": null
      },
      {
        "table_schema": "public",
        "table_name": "slip_assignment",
        "column_name": "created_at",
        "column_default": "CURRENT_TIMESTAMP",
        "is_nullable": "YES",
        "data_type": "timestamp without time zone",
        "additional_dt": "timestamp without time zone",
        "type_schema": "pg_catalog",
        "type_name": "timestamp",
        "array_dimensions": 0,
        "attnum": 6,
        "identity_type": "",
        "generated_type": "",
        "identity_name": null,
        "identity_increment": null,
        "identity_max": null,
        "identity_min": null,
        "identity_start": null,
        "identity_cache": null,
        "identity_cycle": null
      },
      {
        "table_schema": "public",
        "table_name": "marina",
        "column_name": "created_at",
        "column_default": "CURRENT_TIMESTAMP",
        "is_nullable": "YES",
        "data_type": "timestamp without time zone",
        "additional_dt": "timestamp without time zone",
        "type_schema": "pg_catalog",
        "type_name": "timestamp",
        "array_dimensions": 0,
        "attnum": 6,
        "identity_type": "",
        "generated_type": "",
        "identity_name": null,
        "identity_increment": null,
        "identity_max": null,
        "identity_min": null,
        "identity_start": null,
        "identity_cache": null,
        "identity_cycle": null
      },
      {
        "table_schema": "public",
        "table_name": "boat",
        "column_name": "model",
        "column_default": null,
        "is_nullable": "YES",
        "data_type": "character varying(255)",
        "additional_dt": "character varying",
        "type_schema": "pg_catalog",
        "type_name": "varchar",
        "array_dimensions": 0,
        "attnum": 6,
        "identity_type": "",
        "generated_type": "",
        "identity_name": null,
        "identity_increment": null,
        "identity_max": null,
        "identity_min": null,
        "identity_start": null,
        "identity_cache": null,
        "identity_cycle": null
      },
      {
        "table_schema": "public",
        "table_name": "service_level",
        "column_name": "type",
        "column_default": null,
        "is_nullable": "NO",
        "data_type": "character varying(20)",
        "additional_dt": "character varying",
        "type_schema": "pg_catalog",
        "type_name": "varchar",
        "array_dimensions": 0,
        "attnum": 6,
        "identity_type": "",
        "generated_type": "",
        "identity_name": null,
        "identity_increment": null,
        "identity_max": null,
        "identity_min": null,
        "identity_start": null,
        "identity_cache": null,
        "identity_cycle": null
      },
      {
        "table_schema": "public",
        "table_name": "pump_out_request",
        "column_name": "admin_notes",
        "column_default": null,
        "is_nullable": "YES",
        "data_type": "text",
        "additional_dt": "text",
        "type_schema": "pg_catalog",
        "type_name": "text",
        "array_dimensions": 0,
        "attnum": 6,
        "identity_type": "",
        "generated_type": "",
        "identity_name": null,
        "identity_increment": null,
        "identity_max": null,
        "identity_min": null,
        "identity_start": null,
        "identity_cache": null,
        "identity_cycle": null
      },
      {
        "table_schema": "public",
        "table_name": "users",
        "column_name": "role",
        "column_default": "'member'::character varying",
        "is_nullable": "YES",
        "data_type": "character varying(50)",
        "additional_dt": "character varying",
        "type_schema": "pg_catalog",
        "type_name": "varchar",
        "array_dimensions": 0,
        "attnum": 7,
        "identity_type": "",
        "generated_type": "",
        "identity_name": null,
        "identity_increment": null,
        "identity_max": null,
        "identity_min": null,
        "identity_start": null,
        "identity_cache": null,
        "identity_cycle": null
      },
      {
        "table_schema": "public",
        "table_name": "pump_out_request",
        "column_name": "payment_status",
        "column_default": "'Pending'::character varying",
        "is_nullable": "YES",
        "data_type": "character varying(20)",
        "additional_dt": "character varying",
        "type_schema": "pg_catalog",
        "type_name": "varchar",
        "array_dimensions": 0,
        "attnum": 7,
        "identity_type": "",
        "generated_type": "",
        "identity_name": null,
        "identity_increment": null,
        "identity_max": null,
        "identity_min": null,
        "identity_start": null,
        "identity_cache": null,
        "identity_cycle": null
      },
      {
        "table_schema": "public",
        "table_name": "service_level",
        "column_name": "season_start",
        "column_default": null,
        "is_nullable": "YES",
        "data_type": "date",
        "additional_dt": "date",
        "type_schema": "pg_catalog",
        "type_name": "date",
        "array_dimensions": 0,
        "attnum": 7,
        "identity_type": "",
        "generated_type": "",
        "identity_name": null,
        "identity_increment": null,
        "identity_max": null,
        "identity_min": null,
        "identity_start": null,
        "identity_cache": null,
        "identity_cycle": null
      },
      {
        "table_schema": "public",
        "table_name": "boat",
        "column_name": "length",
        "column_default": null,
        "is_nullable": "YES",
        "data_type": "integer",
        "additional_dt": "integer",
        "type_schema": "pg_catalog",
        "type_name": "int4",
        "array_dimensions": 0,
        "attnum": 7,
        "identity_type": "",
        "generated_type": "",
        "identity_name": null,
        "identity_increment": null,
        "identity_max": null,
        "identity_min": null,
        "identity_start": null,
        "identity_cache": null,
        "identity_cycle": null
      },
      {
        "table_schema": "public",
        "table_name": "pump_out_log",
        "column_name": "during_url",
        "column_default": null,
        "is_nullable": "YES",
        "data_type": "character varying(255)",
        "additional_dt": "character varying",
        "type_schema": "pg_catalog",
        "type_name": "varchar",
        "array_dimensions": 0,
        "attnum": 7,
        "identity_type": "",
        "generated_type": "",
        "identity_name": null,
        "identity_increment": null,
        "identity_max": null,
        "identity_min": null,
        "identity_start": null,
        "identity_cache": null,
        "identity_cycle": null
      },
      {
        "table_schema": "public",
        "table_name": "boat",
        "column_name": "color",
        "column_default": null,
        "is_nullable": "YES",
        "data_type": "character varying(100)",
        "additional_dt": "character varying",
        "type_schema": "pg_catalog",
        "type_name": "varchar",
        "array_dimensions": 0,
        "attnum": 8,
        "identity_type": "",
        "generated_type": "",
        "identity_name": null,
        "identity_increment": null,
        "identity_max": null,
        "identity_min": null,
        "identity_start": null,
        "identity_cache": null,
        "identity_cycle": null
      },
      {
        "table_schema": "public",
        "table_name": "users",
        "column_name": "service_level_id",
        "column_default": null,
        "is_nullable": "YES",
        "data_type": "integer",
        "additional_dt": "integer",
        "type_schema": "pg_catalog",
        "type_name": "int4",
        "array_dimensions": 0,
        "attnum": 8,
        "identity_type": "",
        "generated_type": "",
        "identity_name": null,
        "identity_increment": null,
        "identity_max": null,
        "identity_min": null,
        "identity_start": null,
        "identity_cache": null,
        "identity_cycle": null
      },
      {
        "table_schema": "public",
        "table_name": "pump_out_log",
        "column_name": "after_url",
        "column_default": null,
        "is_nullable": "YES",
        "data_type": "character varying(255)",
        "additional_dt": "character varying",
        "type_schema": "pg_catalog",
        "type_name": "varchar",
        "array_dimensions": 0,
        "attnum": 8,
        "identity_type": "",
        "generated_type": "",
        "identity_name": null,
        "identity_increment": null,
        "identity_max": null,
        "identity_min": null,
        "identity_start": null,
        "identity_cache": null,
        "identity_cycle": null
      },
      {
        "table_schema": "public",
        "table_name": "pump_out_request",
        "column_name": "payment_id",
        "column_default": null,
        "is_nullable": "YES",
        "data_type": "character varying(255)",
        "additional_dt": "character varying",
        "type_schema": "pg_catalog",
        "type_name": "varchar",
        "array_dimensions": 0,
        "attnum": 8,
        "identity_type": "",
        "generated_type": "",
        "identity_name": null,
        "identity_increment": null,
        "identity_max": null,
        "identity_min": null,
        "identity_start": null,
        "identity_cache": null,
        "identity_cycle": null
      },
      {
        "table_schema": "public",
        "table_name": "service_level",
        "column_name": "season_end",
        "column_default": null,
        "is_nullable": "YES",
        "data_type": "date",
        "additional_dt": "date",
        "type_schema": "pg_catalog",
        "type_name": "date",
        "array_dimensions": 0,
        "attnum": 8,
        "identity_type": "",
        "generated_type": "",
        "identity_name": null,
        "identity_increment": null,
        "identity_max": null,
        "identity_min": null,
        "identity_start": null,
        "identity_cache": null,
        "identity_cycle": null
      },
      {
        "table_schema": "public",
        "table_name": "service_level",
        "column_name": "monthly_quota",
        "column_default": null,
        "is_nullable": "YES",
        "data_type": "integer",
        "additional_dt": "integer",
        "type_schema": "pg_catalog",
        "type_name": "int4",
        "array_dimensions": 0,
        "attnum": 9,
        "identity_type": "",
        "generated_type": "",
        "identity_name": null,
        "identity_increment": null,
        "identity_max": null,
        "identity_min": null,
        "identity_start": null,
        "identity_cache": null,
        "identity_cycle": null
      },
      {
        "table_schema": "public",
        "table_name": "boat",
        "column_name": "photo_url",
        "column_default": null,
        "is_nullable": "YES",
        "data_type": "character varying(255)",
        "additional_dt": "character varying",
        "type_schema": "pg_catalog",
        "type_name": "varchar",
        "array_dimensions": 0,
        "attnum": 9,
        "identity_type": "",
        "generated_type": "",
        "identity_name": null,
        "identity_increment": null,
        "identity_max": null,
        "identity_min": null,
        "identity_start": null,
        "identity_cache": null,
        "identity_cycle": null
      },
      {
        "table_schema": "public",
        "table_name": "pump_out_log",
        "column_name": "created_at",
        "column_default": "CURRENT_TIMESTAMP",
        "is_nullable": "YES",
        "data_type": "timestamp without time zone",
        "additional_dt": "timestamp without time zone",
        "type_schema": "pg_catalog",
        "type_name": "timestamp",
        "array_dimensions": 0,
        "attnum": 9,
        "identity_type": "",
        "generated_type": "",
        "identity_name": null,
        "identity_increment": null,
        "identity_max": null,
        "identity_min": null,
        "identity_start": null,
        "identity_cache": null,
        "identity_cycle": null
      },
      {
        "table_schema": "public",
        "table_name": "users",
        "column_name": "created_at",
        "column_default": "CURRENT_TIMESTAMP",
        "is_nullable": "YES",
        "data_type": "timestamp without time zone",
        "additional_dt": "timestamp without time zone",
        "type_schema": "pg_catalog",
        "type_name": "timestamp",
        "array_dimensions": 0,
        "attnum": 9,
        "identity_type": "",
        "generated_type": "",
        "identity_name": null,
        "identity_increment": null,
        "identity_max": null,
        "identity_min": null,
        "identity_start": null,
        "identity_cache": null,
        "identity_cycle": null
      },
      {
        "table_schema": "public",
        "table_name": "pump_out_request",
        "column_name": "created_at",
        "column_default": "CURRENT_TIMESTAMP",
        "is_nullable": "YES",
        "data_type": "timestamp without time zone",
        "additional_dt": "timestamp without time zone",
        "type_schema": "pg_catalog",
        "type_name": "timestamp",
        "array_dimensions": 0,
        "attnum": 9,
        "identity_type": "",
        "generated_type": "",
        "identity_name": null,
        "identity_increment": null,
        "identity_max": null,
        "identity_min": null,
        "identity_start": null,
        "identity_cache": null,
        "identity_cycle": null
      },
      {
        "table_schema": "public",
        "table_name": "service_level",
        "column_name": "on_demand_quota",
        "column_default": null,
        "is_nullable": "YES",
        "data_type": "integer",
        "additional_dt": "integer",
        "type_schema": "pg_catalog",
        "type_name": "int4",
        "array_dimensions": 0,
        "attnum": 10,
        "identity_type": "",
        "generated_type": "",
        "identity_name": null,
        "identity_increment": null,
        "identity_max": null,
        "identity_min": null,
        "identity_start": null,
        "identity_cache": null,
        "identity_cycle": null
      },
      {
        "table_schema": "public",
        "table_name": "boat",
        "column_name": "docking_direction",
        "column_default": null,
        "is_nullable": "YES",
        "data_type": "character varying(20)",
        "additional_dt": "character varying",
        "type_schema": "pg_catalog",
        "type_name": "varchar",
        "array_dimensions": 0,
        "attnum": 10,
        "identity_type": "",
        "generated_type": "",
        "identity_name": null,
        "identity_increment": null,
        "identity_max": null,
        "identity_min": null,
        "identity_start": null,
        "identity_cache": null,
        "identity_cycle": null
      },
      {
        "table_schema": "public",
        "table_name": "pump_out_request",
        "column_name": "updated_at",
        "column_default": "CURRENT_TIMESTAMP",
        "is_nullable": "YES",
        "data_type": "timestamp without time zone",
        "additional_dt": "timestamp without time zone",
        "type_schema": "pg_catalog",
        "type_name": "timestamp",
        "array_dimensions": 0,
        "attnum": 10,
        "identity_type": "",
        "generated_type": "",
        "identity_name": null,
        "identity_increment": null,
        "identity_max": null,
        "identity_min": null,
        "identity_start": null,
        "identity_cache": null,
        "identity_cycle": null
      },
      {
        "table_schema": "public",
        "table_name": "boat",
        "column_name": "tie_up_side",
        "column_default": null,
        "is_nullable": "YES",
        "data_type": "character varying(20)",
        "additional_dt": "character varying",
        "type_schema": "pg_catalog",
        "type_name": "varchar",
        "array_dimensions": 0,
        "attnum": 11,
        "identity_type": "",
        "generated_type": "",
        "identity_name": null,
        "identity_increment": null,
        "identity_max": null,
        "identity_min": null,
        "identity_start": null,
        "identity_cache": null,
        "identity_cycle": null
      },
      {
        "table_schema": "public",
        "table_name": "service_level",
        "column_name": "is_active",
        "column_default": "true",
        "is_nullable": "YES",
        "data_type": "boolean",
        "additional_dt": "boolean",
        "type_schema": "pg_catalog",
        "type_name": "bool",
        "array_dimensions": 0,
        "attnum": 11,
        "identity_type": "",
        "generated_type": "",
        "identity_name": null,
        "identity_increment": null,
        "identity_max": null,
        "identity_min": null,
        "identity_start": null,
        "identity_cache": null,
        "identity_cycle": null
      },
      {
        "table_schema": "public",
        "table_name": "boat",
        "column_name": "pump_port_locations",
        "column_default": null,
        "is_nullable": "YES",
        "data_type": "text[]",
        "additional_dt": "ARRAY",
        "type_schema": "pg_catalog",
        "type_name": "_text",
        "array_dimensions": 1,
        "attnum": 12,
        "identity_type": "",
        "generated_type": "",
        "identity_name": null,
        "identity_increment": null,
        "identity_max": null,
        "identity_min": null,
        "identity_start": null,
        "identity_cache": null,
        "identity_cycle": null
      },
      {
        "table_schema": "public",
        "table_name": "service_level",
        "column_name": "created_at",
        "column_default": "CURRENT_TIMESTAMP",
        "is_nullable": "YES",
        "data_type": "timestamp without time zone",
        "additional_dt": "timestamp without time zone",
        "type_schema": "pg_catalog",
        "type_name": "timestamp",
        "array_dimensions": 0,
        "attnum": 12,
        "identity_type": "",
        "generated_type": "",
        "identity_name": null,
        "identity_increment": null,
        "identity_max": null,
        "identity_min": null,
        "identity_start": null,
        "identity_cache": null,
        "identity_cycle": null
      },
      {
        "table_schema": "public",
        "table_name": "boat",
        "column_name": "notes",
        "column_default": null,
        "is_nullable": "YES",
        "data_type": "text",
        "additional_dt": "text",
        "type_schema": "pg_catalog",
        "type_name": "text",
        "array_dimensions": 0,
        "attnum": 13,
        "identity_type": "",
        "generated_type": "",
        "identity_name": null,
        "identity_increment": null,
        "identity_max": null,
        "identity_min": null,
        "identity_start": null,
        "identity_cache": null,
        "identity_cycle": null
      },
      {
        "table_schema": "public",
        "table_name": "boat",
        "column_name": "created_at",
        "column_default": "CURRENT_TIMESTAMP",
        "is_nullable": "YES",
        "data_type": "timestamp without time zone",
        "additional_dt": "timestamp without time zone",
        "type_schema": "pg_catalog",
        "type_name": "timestamp",
        "array_dimensions": 0,
        "attnum": 14,
        "identity_type": "",
        "generated_type": "",
        "identity_name": null,
        "identity_increment": null,
        "identity_max": null,
        "identity_min": null,
        "identity_start": null,
        "identity_cache": null,
        "identity_cycle": null
      }
    ]
  },
  {
    "id": "schemas",
    "sql": "SELECT\n  n.nspname as name\nFROM\n  pg_catalog.pg_namespace n\nWHERE\n  n.nspname NOT LIKE 'pg\\_%'\n  AND n.nspname != 'information_schema'\nORDER BY\n  n.nspname;",
    "rows": [
      {
        "name": "public"
      }
    ]
  },
  {
    "id": "enums",
    "sql": "SELECT\n  n.nspname as schema_name,\n  t.typname as name,\n  e.enumlabel as value\nFROM\n  pg_type t\n  JOIN pg_enum e ON t.oid = e.enumtypid\n  JOIN pg_catalog.pg_namespace n ON n.oid = t.typnamespace\nWHERE\n  n.nspname NOT LIKE 'pg\\_%'\n  AND n.nspname != 'information_schema';",
    "rows": []
  },
  {
    "id": "constraints",
    "sql": "SELECT\n  con.contype AS constraint_type,\n  nsp.nspname AS constraint_schema,\n  con.conname AS constraint_name,\n  rel.relname AS table_name,\n  att.attname AS column_name,\n  pg_get_constraintdef(con.oid) AS expression,\n  fnsp.nspname AS foreign_table_schema,\n  frel.relname AS foreign_table_name,\n  fatt.attname AS foreign_column_name,\n  CASE con.confupdtype\n    WHEN 'a' THEN 'NO ACTION'\n    WHEN 'r' THEN 'RESTRICT'\n    WHEN 'n' THEN 'SET NULL'\n    WHEN 'c' THEN 'CASCADE'\n    WHEN 'd' THEN 'SET DEFAULT'\n  END AS update_rule,\n  CASE con.confdeltype\n    WHEN 'a' THEN 'NO ACTION'\n    WHEN 'r' THEN 'RESTRICT'\n    WHEN 'n' THEN 'SET NULL'\n    WHEN 'c' THEN 'CASCADE'\n    WHEN 'd' THEN 'SET DEFAULT'\n  END AS delete_rule\nFROM\n  pg_catalog.pg_constraint con\n  JOIN pg_catalog.pg_class rel ON rel.oid = con.conrelid\n  JOIN pg_catalog.pg_namespace nsp ON nsp.oid = con.connamespace\n  LEFT JOIN pg_catalog.pg_attribute att ON att.attnum = ANY (con.conkey)\n  AND att.attrelid = con.conrelid\n  LEFT JOIN pg_catalog.pg_class frel ON frel.oid = con.confrelid\n  LEFT JOIN pg_catalog.pg_namespace fnsp ON fnsp.oid = frel.relnamespace\n  LEFT JOIN pg_catalog.pg_attribute fatt ON fatt.attnum = ANY (con.confkey)\n  AND fatt.attrelid = con.confrelid\nWHERE\n  nsp.nspname NOT LIKE 'pg\\_%'\n  AND nsp.nspname != 'information_schema'\n  AND con.contype IN ('p', 'u');",
    "rows": [
      {
        "constraint_type": "p",
        "constraint_schema": "public",
        "constraint_name": "sessions_pkey",
        "table_name": "sessions",
        "column_name": "sid",
        "expression": "PRIMARY KEY (sid)",
        "foreign_table_schema": null,
        "foreign_table_name": null,
        "foreign_column_name": null,
        "update_rule": null,
        "delete_rule": null
      },
      {
        "constraint_type": "u",
        "constraint_schema": "public",
        "constraint_name": "users_email_key",
        "table_name": "users",
        "column_name": "email",
        "expression": "UNIQUE (email)",
        "foreign_table_schema": null,
        "foreign_table_name": null,
        "foreign_column_name": null,
        "update_rule": null,
        "delete_rule": null
      },
      {
        "constraint_type": "p",
        "constraint_schema": "public",
        "constraint_name": "users_pkey",
        "table_name": "users",
        "column_name": "id",
        "expression": "PRIMARY KEY (id)",
        "foreign_table_schema": null,
        "foreign_table_name": null,
        "foreign_column_name": null,
        "update_rule": null,
        "delete_rule": null
      },
      {
        "constraint_type": "p",
        "constraint_schema": "public",
        "constraint_name": "pump_out_request_pkey",
        "table_name": "pump_out_request",
        "column_name": "id",
        "expression": "PRIMARY KEY (id)",
        "foreign_table_schema": null,
        "foreign_table_name": null,
        "foreign_column_name": null,
        "update_rule": null,
        "delete_rule": null
      },
      {
        "constraint_type": "p",
        "constraint_schema": "public",
        "constraint_name": "pump_out_log_pkey",
        "table_name": "pump_out_log",
        "column_name": "id",
        "expression": "PRIMARY KEY (id)",
        "foreign_table_schema": null,
        "foreign_table_name": null,
        "foreign_column_name": null,
        "update_rule": null,
        "delete_rule": null
      },
      {
        "constraint_type": "p",
        "constraint_schema": "public",
        "constraint_name": "boat_owner_pkey",
        "table_name": "boat_owner",
        "column_name": "id",
        "expression": "PRIMARY KEY (id)",
        "foreign_table_schema": null,
        "foreign_table_name": null,
        "foreign_column_name": null,
        "update_rule": null,
        "delete_rule": null
      },
      {
        "constraint_type": "p",
        "constraint_schema": "public",
        "constraint_name": "boat_pkey",
        "table_name": "boat",
        "column_name": "id",
        "expression": "PRIMARY KEY (id)",
        "foreign_table_schema": null,
        "foreign_table_name": null,
        "foreign_column_name": null,
        "update_rule": null,
        "delete_rule": null
      },
      {
        "constraint_type": "p",
        "constraint_schema": "public",
        "constraint_name": "marina_pkey",
        "table_name": "marina",
        "column_name": "id",
        "expression": "PRIMARY KEY (id)",
        "foreign_table_schema": null,
        "foreign_table_name": null,
        "foreign_column_name": null,
        "update_rule": null,
        "delete_rule": null
      },
      {
        "constraint_type": "p",
        "constraint_schema": "public",
        "constraint_name": "service_level_pkey",
        "table_name": "service_level",
        "column_name": "id",
        "expression": "PRIMARY KEY (id)",
        "foreign_table_schema": null,
        "foreign_table_name": null,
        "foreign_column_name": null,
        "update_rule": null,
        "delete_rule": null
      },
      {
        "constraint_type": "p",
        "constraint_schema": "public",
        "constraint_name": "slip_assignment_pkey",
        "table_name": "slip_assignment",
        "column_name": "id",
        "expression": "PRIMARY KEY (id)",
        "foreign_table_schema": null,
        "foreign_table_name": null,
        "foreign_column_name": null,
        "update_rule": null,
        "delete_rule": null
      },
      {
        "constraint_type": "p",
        "constraint_schema": "public",
        "constraint_name": "employee_assignment_pkey",
        "table_name": "employee_assignment",
        "column_name": "id",
        "expression": "PRIMARY KEY (id)",
        "foreign_table_schema": null,
        "foreign_table_name": null,
        "foreign_column_name": null,
        "update_rule": null,
        "delete_rule": null
      }
    ]
  },
  {
    "id": "constraints",
    "sql": "SELECT\n  con.contype AS constraint_type,\n  nsp.nspname AS constraint_schema,\n  con.conname AS constraint_name,\n  rel.relname AS table_name,\n  att.attname AS column_name,\n  pg_get_constraintdef(con.oid) AS expression,\n  fnsp.nspname AS foreign_table_schema,\n  frel.relname AS foreign_table_name,\n  fatt.attname AS foreign_column_name,\n  CASE con.confupdtype\n    WHEN 'a' THEN 'NO ACTION'\n    WHEN 'r' THEN 'RESTRICT'\n    WHEN 'n' THEN 'SET NULL'\n    WHEN 'c' THEN 'CASCADE'\n    WHEN 'd' THEN 'SET DEFAULT'\n  END AS update_rule,\n  CASE con.confdeltype\n    WHEN 'a' THEN 'NO ACTION'\n    WHEN 'r' THEN 'RESTRICT'\n    WHEN 'n' THEN 'SET NULL'\n    WHEN 'c' THEN 'CASCADE'\n    WHEN 'd' THEN 'SET DEFAULT'\n  END AS delete_rule\nFROM\n  pg_catalog.pg_constraint con\n  JOIN pg_catalog.pg_class rel ON rel.oid = con.conrelid\n  JOIN pg_catalog.pg_namespace nsp ON nsp.oid = con.connamespace\n  LEFT JOIN pg_catalog.pg_attribute att ON att.attnum = ANY (con.conkey)\n  AND att.attrelid = con.conrelid\n  LEFT JOIN pg_catalog.pg_class frel ON frel.oid = con.confrelid\n  LEFT JOIN pg_catalog.pg_namespace fnsp ON fnsp.oid = frel.relnamespace\n  LEFT JOIN pg_catalog.pg_attribute fatt ON fatt.attnum = ANY (con.confkey)\n  AND fatt.attrelid = con.confrelid\nWHERE\n  nsp.nspname NOT LIKE 'pg\\_%'\n  AND nsp.nspname != 'information_schema'\n  AND con.contype IN ('f');",
    "rows": [
      {
        "constraint_type": "f",
        "constraint_schema": "public",
        "constraint_name": "boat_owner_user_id_fkey",
        "table_name": "boat_owner",
        "column_name": "user_id",
        "expression": "FOREIGN KEY (user_id) REFERENCES users(id)",
        "foreign_table_schema": "public",
        "foreign_table_name": "users",
        "foreign_column_name": "id",
        "update_rule": "NO ACTION",
        "delete_rule": "NO ACTION"
      },
      {
        "constraint_type": "f",
        "constraint_schema": "public",
        "constraint_name": "boat_owner_id_fkey",
        "table_name": "boat",
        "column_name": "owner_id",
        "expression": "FOREIGN KEY (owner_id) REFERENCES boat_owner(id)",
        "foreign_table_schema": "public",
        "foreign_table_name": "boat_owner",
        "foreign_column_name": "id",
        "update_rule": "NO ACTION",
        "delete_rule": "NO ACTION"
      },
      {
        "constraint_type": "f",
        "constraint_schema": "public",
        "constraint_name": "slip_assignment_boat_id_fkey",
        "table_name": "slip_assignment",
        "column_name": "boat_id",
        "expression": "FOREIGN KEY (boat_id) REFERENCES boat(id)",
        "foreign_table_schema": "public",
        "foreign_table_name": "boat",
        "foreign_column_name": "id",
        "update_rule": "NO ACTION",
        "delete_rule": "NO ACTION"
      },
      {
        "constraint_type": "f",
        "constraint_schema": "public",
        "constraint_name": "slip_assignment_marina_id_fkey",
        "table_name": "slip_assignment",
        "column_name": "marina_id",
        "expression": "FOREIGN KEY (marina_id) REFERENCES marina(id)",
        "foreign_table_schema": "public",
        "foreign_table_name": "marina",
        "foreign_column_name": "id",
        "update_rule": "NO ACTION",
        "delete_rule": "NO ACTION"
      },
      {
        "constraint_type": "f",
        "constraint_schema": "public",
        "constraint_name": "employee_assignment_employee_id_fkey",
        "table_name": "employee_assignment",
        "column_name": "employee_id",
        "expression": "FOREIGN KEY (employee_id) REFERENCES users(id)",
        "foreign_table_schema": "public",
        "foreign_table_name": "users",
        "foreign_column_name": "id",
        "update_rule": "NO ACTION",
        "delete_rule": "NO ACTION"
      },
      {
        "constraint_type": "f",
        "constraint_schema": "public",
        "constraint_name": "employee_assignment_request_id_fkey",
        "table_name": "employee_assignment",
        "column_name": "request_id",
        "expression": "FOREIGN KEY (request_id) REFERENCES pump_out_request(id)",
        "foreign_table_schema": "public",
        "foreign_table_name": "pump_out_request",
        "foreign_column_name": "id",
        "update_rule": "NO ACTION",
        "delete_rule": "NO ACTION"
      }
    ]
  },
  {
    "id": "constraints",
    "sql": "SELECT\n  con.contype AS constraint_type,\n  nsp.nspname AS constraint_schema,\n  con.conname AS constraint_name,\n  rel.relname AS table_name,\n  att.attname AS column_name,\n  pg_get_constraintdef(con.oid) AS expression,\n  fnsp.nspname AS foreign_table_schema,\n  frel.relname AS foreign_table_name,\n  fatt.attname AS foreign_column_name,\n  CASE con.confupdtype\n    WHEN 'a' THEN 'NO ACTION'\n    WHEN 'r' THEN 'RESTRICT'\n    WHEN 'n' THEN 'SET NULL'\n    WHEN 'c' THEN 'CASCADE'\n    WHEN 'd' THEN 'SET DEFAULT'\n  END AS update_rule,\n  CASE con.confdeltype\n    WHEN 'a' THEN 'NO ACTION'\n    WHEN 'r' THEN 'RESTRICT'\n    WHEN 'n' THEN 'SET NULL'\n    WHEN 'c' THEN 'CASCADE'\n    WHEN 'd' THEN 'SET DEFAULT'\n  END AS delete_rule\nFROM\n  pg_catalog.pg_constraint con\n  JOIN pg_catalog.pg_class rel ON rel.oid = con.conrelid\n  JOIN pg_catalog.pg_namespace nsp ON nsp.oid = con.connamespace\n  LEFT JOIN pg_catalog.pg_attribute att ON att.attnum = ANY (con.conkey)\n  AND att.attrelid = con.conrelid\n  LEFT JOIN pg_catalog.pg_class frel ON frel.oid = con.confrelid\n  LEFT JOIN pg_catalog.pg_namespace fnsp ON fnsp.oid = frel.relnamespace\n  LEFT JOIN pg_catalog.pg_attribute fatt ON fatt.attnum = ANY (con.confkey)\n  AND fatt.attrelid = con.confrelid\nWHERE\n  nsp.nspname NOT LIKE 'pg\\_%'\n  AND nsp.nspname != 'information_schema'\n  AND con.contype IN ('p', 'f', 'u', 'c');",
    "rows": [
      {
        "constraint_type": "p",
        "constraint_schema": "public",
        "constraint_name": "sessions_pkey",
        "table_name": "sessions",
        "column_name": "sid",
        "expression": "PRIMARY KEY (sid)",
        "foreign_table_schema": null,
        "foreign_table_name": null,
        "foreign_column_name": null,
        "update_rule": null,
        "delete_rule": null
      },
      {
        "constraint_type": "u",
        "constraint_schema": "public",
        "constraint_name": "users_email_key",
        "table_name": "users",
        "column_name": "email",
        "expression": "UNIQUE (email)",
        "foreign_table_schema": null,
        "foreign_table_name": null,
        "foreign_column_name": null,
        "update_rule": null,
        "delete_rule": null
      },
      {
        "constraint_type": "p",
        "constraint_schema": "public",
        "constraint_name": "users_pkey",
        "table_name": "users",
        "column_name": "id",
        "expression": "PRIMARY KEY (id)",
        "foreign_table_schema": null,
        "foreign_table_name": null,
        "foreign_column_name": null,
        "update_rule": null,
        "delete_rule": null
      },
      {
        "constraint_type": "p",
        "constraint_schema": "public",
        "constraint_name": "pump_out_request_pkey",
        "table_name": "pump_out_request",
        "column_name": "id",
        "expression": "PRIMARY KEY (id)",
        "foreign_table_schema": null,
        "foreign_table_name": null,
        "foreign_column_name": null,
        "update_rule": null,
        "delete_rule": null
      },
      {
        "constraint_type": "p",
        "constraint_schema": "public",
        "constraint_name": "pump_out_log_pkey",
        "table_name": "pump_out_log",
        "column_name": "id",
        "expression": "PRIMARY KEY (id)",
        "foreign_table_schema": null,
        "foreign_table_name": null,
        "foreign_column_name": null,
        "update_rule": null,
        "delete_rule": null
      },
      {
        "constraint_type": "f",
        "constraint_schema": "public",
        "constraint_name": "boat_owner_user_id_fkey",
        "table_name": "boat_owner",
        "column_name": "user_id",
        "expression": "FOREIGN KEY (user_id) REFERENCES users(id)",
        "foreign_table_schema": "public",
        "foreign_table_name": "users",
        "foreign_column_name": "id",
        "update_rule": "NO ACTION",
        "delete_rule": "NO ACTION"
      },
      {
        "constraint_type": "p",
        "constraint_schema": "public",
        "constraint_name": "boat_owner_pkey",
        "table_name": "boat_owner",
        "column_name": "id",
        "expression": "PRIMARY KEY (id)",
        "foreign_table_schema": null,
        "foreign_table_name": null,
        "foreign_column_name": null,
        "update_rule": null,
        "delete_rule": null
      },
      {
        "constraint_type": "f",
        "constraint_schema": "public",
        "constraint_name": "boat_owner_id_fkey",
        "table_name": "boat",
        "column_name": "owner_id",
        "expression": "FOREIGN KEY (owner_id) REFERENCES boat_owner(id)",
        "foreign_table_schema": "public",
        "foreign_table_name": "boat_owner",
        "foreign_column_name": "id",
        "update_rule": "NO ACTION",
        "delete_rule": "NO ACTION"
      },
      {
        "constraint_type": "p",
        "constraint_schema": "public",
        "constraint_name": "boat_pkey",
        "table_name": "boat",
        "column_name": "id",
        "expression": "PRIMARY KEY (id)",
        "foreign_table_schema": null,
        "foreign_table_name": null,
        "foreign_column_name": null,
        "update_rule": null,
        "delete_rule": null
      },
      {
        "constraint_type": "p",
        "constraint_schema": "public",
        "constraint_name": "marina_pkey",
        "table_name": "marina",
        "column_name": "id",
        "expression": "PRIMARY KEY (id)",
        "foreign_table_schema": null,
        "foreign_table_name": null,
        "foreign_column_name": null,
        "update_rule": null,
        "delete_rule": null
      },
      {
        "constraint_type": "p",
        "constraint_schema": "public",
        "constraint_name": "service_level_pkey",
        "table_name": "service_level",
        "column_name": "id",
        "expression": "PRIMARY KEY (id)",
        "foreign_table_schema": null,
        "foreign_table_name": null,
        "foreign_column_name": null,
        "update_rule": null,
        "delete_rule": null
      },
      {
        "constraint_type": "f",
        "constraint_schema": "public",
        "constraint_name": "slip_assignment_boat_id_fkey",
        "table_name": "slip_assignment",
        "column_name": "boat_id",
        "expression": "FOREIGN KEY (boat_id) REFERENCES boat(id)",
        "foreign_table_schema": "public",
        "foreign_table_name": "boat",
        "foreign_column_name": "id",
        "update_rule": "NO ACTION",
        "delete_rule": "NO ACTION"
      },
      {
        "constraint_type": "f",
        "constraint_schema": "public",
        "constraint_name": "slip_assignment_marina_id_fkey",
        "table_name": "slip_assignment",
        "column_name": "marina_id",
        "expression": "FOREIGN KEY (marina_id) REFERENCES marina(id)",
        "foreign_table_schema": "public",
        "foreign_table_name": "marina",
        "foreign_column_name": "id",
        "update_rule": "NO ACTION",
        "delete_rule": "NO ACTION"
      },
      {
        "constraint_type": "p",
        "constraint_schema": "public",
        "constraint_name": "slip_assignment_pkey",
        "table_name": "slip_assignment",
        "column_name": "id",
        "expression": "PRIMARY KEY (id)",
        "foreign_table_schema": null,
        "foreign_table_name": null,
        "foreign_column_name": null,
        "update_rule": null,
        "delete_rule": null
      },
      {
        "constraint_type": "f",
        "constraint_schema": "public",
        "constraint_name": "employee_assignment_employee_id_fkey",
        "table_name": "employee_assignment",
        "column_name": "employee_id",
        "expression": "FOREIGN KEY (employee_id) REFERENCES users(id)",
        "foreign_table_schema": "public",
        "foreign_table_name": "users",
        "foreign_column_name": "id",
        "update_rule": "NO ACTION",
        "delete_rule": "NO ACTION"
      },
      {
        "constraint_type": "f",
        "constraint_schema": "public",
        "constraint_name": "employee_assignment_request_id_fkey",
        "table_name": "employee_assignment",
        "column_name": "request_id",
        "expression": "FOREIGN KEY (request_id) REFERENCES pump_out_request(id)",
        "foreign_table_schema": "public",
        "foreign_table_name": "pump_out_request",
        "foreign_column_name": "id",
        "update_rule": "NO ACTION",
        "delete_rule": "NO ACTION"
      },
      {
        "constraint_type": "p",
        "constraint_schema": "public",
        "constraint_name": "employee_assignment_pkey",
        "table_name": "employee_assignment",
        "column_name": "id",
        "expression": "PRIMARY KEY (id)",
        "foreign_table_schema": null,
        "foreign_table_name": null,
        "foreign_column_name": null,
        "update_rule": null,
        "delete_rule": null
      }
    ]
  }
]