{
  "drizzle-version": "3.0.0",
  "drizzle-global": {
    "state": {
      "showCounts": false,
      "flatSchemas": false,
      "dataFormats": null,
      "expandSubviews": false
    },
    "version": 0
  },
  "drizzle-db-39799568-postgresql://neondb_owner:npg_a1Bjrxg9uNhk@ep-shiny-haze-a609nqo0.us-west-2.aws.neon.tech/neondb?sslmode=require": {
    "state": {
      "styleMode": "default",
      "currentPage": "main",
      "filterViews": {},
      "isSidebarOpen": true,
      "isShowSidebarContent": true,
      "filtersVisible": false,
      "sidebarWidth": 268,
      "currentSchemaName": "public",
      "currentTable": {
        "id": "public.users",
        "type": "table",
        "name": "users",
        "schema": "public",
        "createdRecords": [],
        "editedFields": [],
        "filters": [],
        "pagination": {
          "limit": 50,
          "offset": 0
        },
        "records": [],
        "sort": null,
        "columnSettings": {},
        "historyId": "X15saXU0WeQn5fzFeaHRa",
        "executionTime": 126.5
      }
    },
    "version": 1
  }
}